-- phpMyAdmin SQL Dump
-- version 4.5.4.1deb2ubuntu2
-- http://www.phpmyadmin.net
--
-- Хост: localhost
-- Время создания: Апр 08 2022 г., 07:29
-- Версия сервера: 5.7.21-0ubuntu0.16.04.1
-- Версия PHP: 7.2.4-1+ubuntu16.04.1+deb.sury.org+1

SET SQL_MODE = "NO_AUTO_VALUE_ON_ZERO";
SET time_zone = "+00:00";


/*!40101 SET @OLD_CHARACTER_SET_CLIENT=@@CHARACTER_SET_CLIENT */;
/*!40101 SET @OLD_CHARACTER_SET_RESULTS=@@CHARACTER_SET_RESULTS */;
/*!40101 SET @OLD_COLLATION_CONNECTION=@@COLLATION_CONNECTION */;
/*!40101 SET NAMES utf8mb4 */;

--
-- База данных: `resume.teo-job.ru`
--

-- --------------------------------------------------------

--
-- Структура таблицы `alerts`
--

CREATE TABLE `alerts` (
  `id` int(11) NOT NULL,
  `name` varchar(255) DEFAULT NULL COMMENT 'Название',
  `city` text COMMENT 'Город',
  `employment` int(11) DEFAULT NULL COMMENT 'Занятость',
  `schedule` int(11) DEFAULT NULL COMMENT 'График работ',
  `salary` float DEFAULT NULL COMMENT 'Зарплата',
  `prava_m` tinyint(1) DEFAULT NULL COMMENT 'M',
  `prava_a` tinyint(1) DEFAULT NULL COMMENT 'A',
  `prava_b` tinyint(1) DEFAULT NULL COMMENT 'B',
  `prava_c` tinyint(1) DEFAULT NULL COMMENT 'C',
  `prava_d` tinyint(1) DEFAULT NULL COMMENT 'D',
  `prava_tm` tinyint(1) DEFAULT NULL COMMENT 'TM',
  `prava_tv` tinyint(1) DEFAULT NULL COMMENT 'TB',
  `medical_book` tinyint(1) DEFAULT NULL COMMENT 'Наличие мед книжки',
  `permission` varchar(255) DEFAULT NULL COMMENT 'Должность',
  `description` text COMMENT 'Описание',
  `status` tinyint(1) DEFAULT NULL COMMENT 'Статус',
  `ordered` varchar(255) DEFAULT NULL COMMENT 'Заказчик',
  `link` varchar(255) DEFAULT NULL COMMENT 'Ссылка на тест',
  `date_cr` datetime DEFAULT NULL COMMENT 'Дата и время создания',
  `date_send` datetime DEFAULT NULL COMMENT 'Дата и время отправки',
  `citizen` int(11) DEFAULT NULL COMMENT 'Гражданство'
) ENGINE=InnoDB DEFAULT CHARSET=utf8;

--
-- Дамп данных таблицы `alerts`
--

INSERT INTO `alerts` (`id`, `name`, `city`, `employment`, `schedule`, `salary`, `prava_m`, `prava_a`, `prava_b`, `prava_c`, `prava_d`, `prava_tm`, `prava_tv`, `medical_book`, `permission`, `description`, `status`, `ordered`, `link`, `date_cr`, `date_send`, `citizen`) VALUES
(3, 'Первая', '174,195', 1, 1, NULL, 0, 0, 0, 0, 0, 0, 0, 0, '', 'Привет всем', 1, '', 'CwlpY7VZ', '2018-11-24 20:50:06', NULL, 1);

-- --------------------------------------------------------

--
-- Структура таблицы `chat`
--

CREATE TABLE `chat` (
  `id` int(11) NOT NULL,
  `chat_id` varchar(255) DEFAULT NULL COMMENT 'Чат ид',
  `user_id` int(11) DEFAULT NULL COMMENT 'Пользователь',
  `text` text COMMENT 'Текст',
  `date_time` datetime DEFAULT NULL COMMENT 'Дата и время',
  `is_read` tinyint(1) DEFAULT NULL COMMENT 'Читаль или нет'
) ENGINE=InnoDB DEFAULT CHARSET=utf8;

--
-- Дамп данных таблицы `chat`
--

INSERT INTO `chat` (`id`, `chat_id`, `user_id`, `text`, `date_time`, `is_read`) VALUES
(1, '#resume-9', 1, '111', '2018-11-24 18:26:17', 0),
(2, '247187885', 1, '123', '2018-11-24 19:23:29', 0),
(3, '#resume-11', 1, '123', '2018-11-24 19:25:18', 0),
(4, '#resume-247187885', NULL, '123', '2018-11-24 19:30:21', 0),
(5, '#resume-11', NULL, '12', '2018-11-24 19:31:05', 0),
(6, '#resume-11', 1, '123', '2018-11-24 19:31:20', 0),
(7, '#resume-12', 1, '123', '2018-11-24 19:44:03', 0),
(8, '#resume-12', 1, '123', '2018-11-24 19:45:43', 0),
(9, '#resume-12', 1, 'Прям тут', '2018-11-24 19:47:17', 0),
(10, '#resume-12', NULL, 'Привет Артём', '2018-11-24 19:47:27', 0),
(11, '#resume-12', 1, '123', '2018-11-24 19:48:40', 0),
(12, '#resume-11', NULL, '123', '2018-11-24 19:53:49', 0),
(13, '#resume-11', NULL, '247187885', '2018-11-24 20:13:17', 0),
(14, '#resume-11', 1, 'Артем привет', '2018-11-24 20:33:17', 0),
(15, '#resume-11', NULL, '123', '2018-11-24 20:37:23', 0),
(16, '#resume-11', NULL, '123', '2018-11-24 20:37:42', 0),
(17, '#resume-25', NULL, NULL, '2018-11-30 18:20:56', 0),
(18, '#resume-11', 1, '123', '2018-12-08 11:10:58', 0),
(19, '#resume-11', 1, '123', '2018-12-08 11:13:05', 0),
(20, '#resume-11', 1, '234', '2018-12-08 11:25:43', 0),
(21, '#resume-11', 1, '2324', '2018-12-11 17:16:35', 0),
(22, '#resume-11', 1, '2324', '2018-12-11 17:16:39', 0),
(23, '#resume-11', NULL, 'fdgfdg', '2018-12-11 17:16:47', 0),
(24, '#resume-11', 1, '2324', '2018-12-11 17:16:55', 0),
(25, '#resume-11', NULL, 'можен в меню или сверху где баланс', '2018-12-12 00:01:53', 0),
(26, '#resume-37', NULL, 'DDhn9M8B', '2019-01-09 11:52:17', 0),
(27, '#resume-37', NULL, 'WewR4njY0K', '2019-01-09 11:53:12', 0),
(28, '#resume-25', NULL, 'Ну и', '2019-01-19 15:22:40', 0),
(29, '#resume-27', NULL, 'привет', '2019-02-09 20:29:50', 0),
(30, '#resume-27', NULL, 'ну и где мои вакансии?', '2019-02-09 20:30:21', 0);

-- --------------------------------------------------------

--
-- Структура таблицы `citizen`
--

CREATE TABLE `citizen` (
  `id` int(11) NOT NULL,
  `name` varchar(255) DEFAULT NULL
) ENGINE=InnoDB DEFAULT CHARSET=utf8;

--
-- Дамп данных таблицы `citizen`
--

INSERT INTO `citizen` (`id`, `name`) VALUES
(1, 'Российская Федерация'),
(2, 'Uzbekistan'),
(17, 'Казахстан'),
(18, 'Таджикистан'),
(19, 'Республика Армения');

-- --------------------------------------------------------

--
-- Структура таблицы `city`
--

CREATE TABLE `city` (
  `id` int(11) NOT NULL,
  `name` varchar(255) DEFAULT NULL
) ENGINE=InnoDB DEFAULT CHARSET=utf8;

--
-- Дамп данных таблицы `city`
--

INSERT INTO `city` (`id`, `name`) VALUES
(1, 'Казань'),
(2, 'Сочи'),
(3, 'Нижний Новгород'),
(4, 'Ярославль'),
(5, 'Калининград'),
(6, 'Екатеринбург'),
(7, 'Анапа'),
(8, 'Владимир'),
(9, 'Новороссийск '),
(10, 'Абакан'),
(11, 'Азов'),
(12, 'Александров'),
(13, 'Алексин'),
(14, 'Альметьевск'),
(15, 'Ангарск'),
(16, 'Анжеро-Судженск'),
(17, 'Апатиты'),
(18, 'Арзамас'),
(19, 'Армавир'),
(20, 'Арсеньев'),
(21, 'Артем'),
(22, 'Архангельск'),
(23, 'Асбест'),
(24, 'Астрахань'),
(25, 'Ачинск'),
(26, 'Балаково'),
(27, 'Балахна'),
(28, 'Балашиха'),
(29, 'Балашов'),
(30, 'Барнаул'),
(31, 'Батайск'),
(32, 'Белгород'),
(33, 'Белебей'),
(34, 'Белово'),
(35, 'Белогорск (Амурская область)'),
(36, 'Белорецк'),
(37, 'Белореченск'),
(38, 'Бердск'),
(39, 'Березники'),
(40, 'Березовский (Свердловская область)'),
(41, 'Бийск'),
(42, 'Биробиджан'),
(43, 'Благовещенск (Амурская область)'),
(44, 'Бор'),
(45, 'Борисоглебск'),
(46, 'Боровичи'),
(47, 'Братск'),
(48, 'Брянск'),
(49, 'Бугульма'),
(50, 'Буденновск'),
(51, 'Бузулук'),
(52, 'Буйнакск'),
(53, 'Великие Луки'),
(54, 'Великий Новгород'),
(55, 'Верхняя Пышма'),
(56, 'Видное'),
(57, 'Владивосток'),
(58, 'Владикавказ'),
(59, 'Волгоград'),
(60, 'Волгодонск'),
(61, 'Волжск'),
(62, ''),
(63, 'Волжский'),
(64, 'Вологда'),
(65, 'Вольск'),
(66, 'Воркута'),
(67, 'Воронеж'),
(68, 'Воскресенск'),
(69, 'Воткинск'),
(70, 'Всеволожск'),
(71, 'Выборг'),
(72, 'Выкса'),
(73, 'Вязьма'),
(74, 'Гатчина'),
(75, 'Геленджик'),
(76, 'Георгиевск'),
(77, 'Глазов'),
(78, 'Горно-Алтайск'),
(79, 'Грозный'),
(80, 'Губкин'),
(81, 'Гудермес'),
(82, 'Гуково'),
(83, 'Гусь-Хрустальный'),
(84, 'Дербент'),
(85, 'Дзержинск'),
(86, 'Димитровград'),
(87, 'Дмитров'),
(88, 'Долгопрудный'),
(89, 'Домодедово'),
(90, 'Донской'),
(91, 'Дубна'),
(92, 'Евпатория'),
(93, 'Егорьевск'),
(94, 'Ейск'),
(95, 'Елабуга'),
(96, 'Елец'),
(97, 'Ессентуки'),
(98, 'Железногорск (Красноярский край)'),
(99, 'Железногорск (Курская область)'),
(100, 'Жигулевск'),
(101, 'Жуковский'),
(102, 'Заречный'),
(103, 'Зеленогорск'),
(104, 'Зеленодольск'),
(105, 'Златоуст'),
(106, 'Иваново'),
(107, 'Ивантеевка'),
(108, 'Ижевск'),
(109, 'Избербаш'),
(110, 'Иркутск'),
(111, 'Искитим'),
(112, 'Ишим'),
(113, 'Ишимбай'),
(114, 'Йошкар-Ола'),
(115, 'Калуга'),
(116, 'Каменск-Уральский'),
(117, 'Каменск-Шахтинский'),
(118, 'Камышин'),
(119, 'Канск'),
(120, 'Каспийск'),
(121, 'Керчь'),
(122, 'Кинешма'),
(123, 'Кириши'),
(124, 'Киров (Кировская область)'),
(125, 'Кирово-Чепецк'),
(126, 'Киселевск'),
(127, 'Кисловодск'),
(128, 'Клин'),
(129, 'Клинцы'),
(130, 'Ковров'),
(131, 'Когалым'),
(132, 'Коломна'),
(133, 'Комсомольск-на-Амуре'),
(134, 'Копейск'),
(135, 'Королев'),
(136, 'Кострома'),
(137, 'Котлас'),
(138, 'Красногорск'),
(139, 'Краснодар'),
(140, 'Краснокаменск'),
(141, 'Краснокамск'),
(142, 'Краснотурьинск'),
(143, 'Красноярск'),
(144, 'Кропоткин'),
(145, 'Крымск'),
(146, 'Кстово'),
(147, 'Кузнецк'),
(148, 'Кумертау'),
(149, 'Кунгур'),
(150, 'Курган'),
(151, 'Курск'),
(152, 'Кызыл'),
(153, 'Лабинск'),
(154, 'Лениногорск'),
(155, 'Ленинск-Кузнецкий'),
(156, 'Лесосибирск'),
(157, 'Липецк'),
(158, 'Лиски'),
(159, 'Лысьва'),
(160, 'Лыткарино'),
(161, 'Люберцы'),
(162, 'Магадан'),
(163, 'Магнитогорск'),
(164, 'Майкоп'),
(165, 'Махачкала'),
(166, 'Междуреченск'),
(167, 'Мелеуз'),
(168, 'Миасс'),
(169, 'Минеральные Воды'),
(170, 'Минусинск'),
(171, 'Михайловка'),
(172, 'Михайловск (Ставропольский край)'),
(173, 'Мичуринск'),
(174, 'Москва'),
(175, 'Мурманск'),
(176, 'Муром'),
(177, 'Мытищи'),
(178, 'Набережные Челны'),
(179, 'Назарово'),
(180, 'Назрань'),
(181, 'Нальчик'),
(182, 'Наро-Фоминск'),
(183, 'Находка'),
(184, 'Невинномысск'),
(185, 'Нерюнгри'),
(186, 'Нефтекамск'),
(187, 'Нефтеюганск'),
(188, 'Нижневартовск'),
(189, 'Нижнекамск'),
(190, 'Нижний Тагил'),
(191, 'Новоалтайск'),
(192, 'Новокузнецк'),
(193, 'Новокуйбышевск'),
(194, 'Новомосковск'),
(195, 'Новосибирск'),
(196, 'Новотроицк'),
(197, 'Новоуральск'),
(198, 'Новочебоксарск'),
(199, 'Новочеркасск'),
(200, 'Новошахтинск'),
(201, 'Новый Уренгой'),
(202, 'Ногинск'),
(203, 'Норильск'),
(204, 'Ноябрьск'),
(205, 'Нягань'),
(206, 'Обнинск'),
(207, 'Одинцово'),
(208, 'Озерск (Челябинская область)'),
(209, 'Октябрьский'),
(210, 'Омск'),
(211, 'Орел'),
(212, 'Оренбург'),
(213, 'Орехово-Зуево'),
(214, 'Орск'),
(215, 'Павлово'),
(216, 'Павловский Посад'),
(217, 'Пенза'),
(218, 'Первоуральск'),
(219, 'Пермь'),
(220, 'Петрозаводск'),
(221, 'Петропавловск-Камчатский'),
(222, 'Подольск'),
(223, 'Полевской'),
(224, 'Прокопьевск'),
(225, 'Прохладный'),
(226, 'Псков'),
(227, 'Пушкино'),
(228, 'Пятигорск'),
(229, 'Раменское'),
(230, 'Ревда'),
(231, 'Реутов'),
(232, 'Ржев'),
(233, 'Рославль'),
(234, 'Россошь'),
(235, 'Ростов-на-Дону'),
(236, 'Рубцовск'),
(237, 'Рыбинск'),
(238, 'Рязань'),
(239, 'Салават'),
(240, 'Сальск'),
(241, 'Самара'),
(242, 'Санкт-Петербург'),
(243, 'Саранск'),
(244, 'Сарапул'),
(245, 'Саратов'),
(246, 'Саров'),
(247, 'Свободный'),
(248, 'Севастополь'),
(249, 'Северодвинск'),
(250, 'Северск'),
(251, 'Сергиев Посад'),
(252, 'Серов'),
(253, 'Серпухов'),
(254, 'Сертолово'),
(255, 'Сибай'),
(256, 'Симферополь'),
(257, 'Славянск-на-Кубани'),
(258, 'Смоленск'),
(259, 'Соликамск'),
(260, 'Солнечногорск'),
(261, 'Сосновый Бор'),
(262, 'Ставрополь'),
(263, 'Старый Оскол'),
(264, 'Стерлитамак'),
(265, 'Ступино'),
(266, 'Сургут'),
(267, 'Сызрань'),
(268, 'Сыктывкар'),
(269, 'Таганрог'),
(270, 'Тамбов'),
(271, 'Тверь'),
(272, 'Тимашевск'),
(273, 'Тихвин'),
(274, 'Тихорецк'),
(275, 'Тобольск'),
(276, 'Тольятти'),
(277, 'Томск'),
(278, 'Троицк'),
(279, 'Туапсе'),
(280, 'Туймазы'),
(281, 'Тула'),
(282, 'Тюмень'),
(283, 'Узловая'),
(284, 'Улан-Удэ'),
(285, 'Ульяновск'),
(286, 'Урус-Мартан'),
(287, 'Усолье-Сибирское'),
(288, 'Уссурийск'),
(289, 'Усть-Илимск'),
(290, 'Уфа'),
(291, 'Ухта'),
(292, 'Феодосия'),
(293, 'Фрязино'),
(294, 'Хабаровск'),
(295, 'Ханты-Мансийск'),
(296, 'Хасавюрт'),
(297, 'Химки'),
(298, 'Чайковский'),
(299, 'Чапаевск'),
(300, 'Чебоксары'),
(301, 'Челябинск'),
(302, 'Черемхово'),
(303, 'Череповец'),
(304, 'Черкесск'),
(305, 'Черногорск'),
(306, 'Чехов'),
(307, 'Чистополь'),
(308, 'Чита'),
(309, 'Шадринск'),
(310, 'Шали'),
(311, 'Шахты'),
(312, 'Шуя'),
(313, 'Щекино'),
(314, 'Щелково'),
(315, 'Электросталь'),
(316, 'Элиста'),
(317, 'Энгельс'),
(318, 'Южно-Сахалинск'),
(319, 'Юрга'),
(320, 'Якутск'),
(321, 'Ялта'),
(322, 'toshkent'),
(323, 'Минск'),
(324, 'Астана'),
(325, 'Темиртау'),
(326, 'Армения'),
(327, 'карталы'),
(328, 'Алматы'),
(329, 'Нурлат');

-- --------------------------------------------------------

--
-- Структура таблицы `create_resume`
--

CREATE TABLE `create_resume` (
  `id` int(11) NOT NULL,
  `surname` varchar(255) DEFAULT NULL,
  `name` varchar(255) DEFAULT NULL,
  `middle_name` varchar(255) DEFAULT NULL,
  `position` varchar(255) DEFAULT NULL,
  `travel` tinyint(1) DEFAULT NULL,
  `desired_salary` int(11) DEFAULT NULL,
  `email` varchar(255) DEFAULT NULL,
  `phone` varchar(255) DEFAULT NULL,
  `viber` tinyint(1) DEFAULT NULL,
  `whatsapp` tinyint(1) DEFAULT NULL,
  `telegram` tinyint(1) DEFAULT NULL,
  `image` varchar(255) DEFAULT NULL,
  `ssilka` varchar(255) DEFAULT NULL,
  `employment` int(11) DEFAULT NULL,
  `schedule` int(11) DEFAULT NULL,
  `city_id` int(11) DEFAULT NULL,
  `birthday` date DEFAULT NULL,
  `moving` int(11) DEFAULT NULL,
  `floor` int(11) DEFAULT NULL,
  `familiy_status` int(11) DEFAULT NULL,
  `have_kids` tinyint(1) DEFAULT NULL,
  `languages_id` text,
  `prava_m` tinyint(1) DEFAULT NULL,
  `prava_a` tinyint(1) DEFAULT NULL,
  `prava_b` tinyint(1) DEFAULT NULL,
  `prava_c` tinyint(1) DEFAULT NULL,
  `prava_d` tinyint(1) DEFAULT NULL,
  `prava_tm` tinyint(1) DEFAULT NULL,
  `prava_tv` tinyint(1) DEFAULT NULL,
  `medical_book` tinyint(1) DEFAULT NULL,
  `information` text,
  `offers` tinyint(1) DEFAULT NULL,
  `link` varchar(255) DEFAULT NULL,
  `citizenship` int(11) DEFAULT NULL,
  `connect_telegram` tinyint(1) DEFAULT NULL,
  `date_cr` datetime DEFAULT NULL,
  `telegram_name` varchar(255) DEFAULT NULL COMMENT 'Имя телеграма',
  `telegram_id` varchar(255) DEFAULT NULL COMMENT 'Ид телеграма',
  `is_new` tinyint(1) DEFAULT NULL COMMENT 'Новая'
) ENGINE=InnoDB DEFAULT CHARSET=utf8;

--
-- Дамп данных таблицы `create_resume`
--

INSERT INTO `create_resume` (`id`, `surname`, `name`, `middle_name`, `position`, `travel`, `desired_salary`, `email`, `phone`, `viber`, `whatsapp`, `telegram`, `image`, `ssilka`, `employment`, `schedule`, `city_id`, `birthday`, `moving`, `floor`, `familiy_status`, `have_kids`, `languages_id`, `prava_m`, `prava_a`, `prava_b`, `prava_c`, `prava_d`, `prava_tm`, `prava_tv`, `medical_book`, `information`, `offers`, `link`, `citizenship`, `connect_telegram`, `date_cr`, `telegram_name`, `telegram_id`, `is_new`) VALUES
(9, 'Сысков', 'Денис', 'Александрович', 'Вебмастер по Вордпресс', 0, 20000, 'syskov-78@yandex.ru', '+7 (920) 502-02-39', 0, 0, 1, 'IMG_8118.jpg', '2cCCaTCP', 3, 4, 157, '1978-07-24', 1, 1, 1, 1, NULL, 0, 0, 0, 0, 0, 0, 0, 0, '', 1, 'wNY3aaaU', 1, 0, '2018-11-24 15:35:18', NULL, NULL, 0),
(11, 'Ковальская', 'Екатерина', '', '', 0, NULL, 'artem.kovalskiy.93@gmail.com', '+7 (896) 122-05-56', 0, 0, 0, 'f3ULpuszIAk.jpg', 'sxRRQguc', 1, 1, 195, NULL, 1, 1, 1, 0, '', 0, 0, 0, 0, 0, 0, 0, 0, '', 0, '2ou6cT3s', 1, 1, '2018-11-24 18:45:45', 'technology_to_everyone', '247187885', 1),
(12, 'Эштурдиев', 'Умиджон', 'Дилшодович', '', 0, NULL, 'eshturdiyevumidjon@gmail.com', '+7 (999) 999-99-99', 0, 0, 0, NULL, 'JCjXtAk1', 1, 1, 1, NULL, 1, 1, 1, 0, '', 0, 0, 0, 0, 0, 0, 0, 0, '', 0, 'mQgjBPbQ', 1, 1, '2018-11-24 19:37:05', 'eshturdiyevumidjon', '407993744', 0),
(14, 'Галимджанов', 'Камиль', '', '', 0, 30000, 'salim_galim@mail.ru', '+7 (000) 000-00-00', 0, 1, 0, NULL, 'yiwRXWpG', 1, 1, 178, '1996-03-31', 1, 1, 1, 0, '', 0, 0, 0, 0, 0, 0, 0, 0, '', 1, 'JTdvD8Jc', 1, 0, '2018-11-26 14:11:02', NULL, NULL, 1),
(15, 'Кобелева', 'Ирина', 'Алексеевна', 'Бухгалтер', 0, NULL, 'iliskikobel@mail.ru', '+7 (950) 873-53-10', 1, 1, 0, NULL, '3vv0IlCc', 1, 1, 151, '1998-04-29', 3, 2, 1, 0, '', 1, 0, 1, 0, 0, 0, 0, 0, '', 1, '76mro0Ws', 1, 1, '2018-11-26 22:25:05', '', '793190425', 1),
(16, 'Суворов', 'Артём ', 'Андреевич', 'Любая, связанная с работой с компьютером и карьерным ростом', 0, 20000, 'I79004878888@yandex.ru', '+7 (900) 487-88-88', 0, 1, 1, NULL, 'wHf5BoW6', 1, 1, 67, '1998-06-29', 1, 1, 1, 0, 'английский', 0, 0, 1, 0, 0, 0, 0, 0, '', 1, 'vs84R1wk', 1, 0, '2018-11-27 23:42:25', NULL, NULL, 1),
(17, 'Никитенко', 'Карина', 'Максимовна', 'Кассир', 0, 50000, 'Karina.alekseeva.9596@mail.ru', '+7 (999) 805-51-82', 0, 1, 0, 'IMG_20180830_153712_620.jpg', 'JrEX8x7P', 1, 2, 174, '1997-02-04', 1, 2, 1, 0, NULL, 0, 0, 0, 0, 0, 0, 0, 0, '', 1, 'Y8a4yLwy', 1, 0, '2018-11-28 11:45:45', NULL, NULL, 0),
(18, 'Шаткина', 'Дарья', 'Владимировна', 'Контента менеджер,соц.сети', 0, 20000, 'dasssha9090@bk.ru', '+7 (960) 320-30-90', 1, 1, 1, NULL, '9lbRllh9', 2, 4, 217, '2018-11-01', 1, 2, 1, 0, '', 0, 1, 0, 0, 0, 0, 0, 1, '', 1, 'ylMrO1Xn', 1, 1, '2018-11-28 19:16:59', '', '587359579', 1),
(19, 'Макарова', 'Юлия', 'Алексеевна', 'работа на дому ', 0, 12000, 'yuliaqqqr13@mail.ru', '+7 (902) 674-90-46', 0, 1, 0, NULL, 'x3CKuDnG', 1, 1, 210, '2000-12-13', 1, 2, 2, 0, '', 0, 0, 0, 0, 0, 0, 0, 0, '', 1, 'YaF8L1lL', 1, 1, '2018-11-29 17:57:21', '', '519506604', 1),
(20, 'Тест', 'Тест', 'тест', '', 0, 100000, 'nsde77@gmail.com', '+7 (925) 828-40-00', 0, 1, 1, NULL, 'FAQmPlKV', 1, 1, 174, NULL, 1, 1, 1, 0, '', 0, 0, 0, 0, 0, 0, 0, 0, '', 0, 'edZL2RNy', 1, 0, '2018-11-30 11:24:01', NULL, NULL, 1),
(21, 'Арбацков', 'Алексей', 'Владиславович', 'Охранник', 0, 5000, 'aleksejarbackov9242@gmail.com', '+7 (996) 967-51-97', 1, 1, 0, 'FFQTAwy8rMs.jpg', 'hX4K28iy', 1, 2, 174, '1972-11-30', 1, 1, 1, 1, NULL, 0, 0, 1, 1, 0, 0, 0, 0, 'Рассмотрю любое предложение.', 1, 'f1B6NWVj', 1, 0, '2018-11-30 12:17:58', NULL, NULL, 1),
(22, 'Арбацков', 'Алексей', 'Владиславович', 'Охранник', 0, 5000, 'aleksejarbackov9242@gmail.com', '+7 (996) 967-51-97', 1, 1, 0, 'FFQTAwy8rMs.jpg', 'RN7XaPhF', 1, 2, 174, '1972-11-30', 1, 1, 1, 1, NULL, 0, 0, 1, 1, 0, 0, 0, 0, 'Рассмотрю любое предложение.', 1, 'B3fWgwQv', 1, 0, '2018-11-30 12:21:04', NULL, NULL, 1),
(23, 'Букарева', 'Дарья', 'Александровна', 'Ассистент, оператор ЭВМ', 0, 15000, 'dasha115@bk.ru', '+7 (893) 975-03-00', 1, 0, 0, 'IMG_20181001_233337.jpg', 'rFfSZqJn', 2, 4, 241, '1989-07-11', 1, 2, 2, 1, NULL, 0, 0, 1, 0, 0, 0, 0, 0, '', 0, 'mEmAHdwo', 1, 0, '2018-11-30 13:57:28', NULL, NULL, 1),
(24, 'Дорофеев ', 'Никита', 'Сергеевич', '', 0, 10000, 'nikita2910d@gmail.com', '+7 (708) 655-29-10', 0, 1, 0, NULL, 'm2bZcC3D', 2, 4, 325, '1997-10-29', 1, 1, 1, 0, 'русский,английский', 0, 0, 0, 0, 0, 0, 0, 0, '', 1, '12hzWOZE', 17, 0, '2018-11-30 18:14:05', NULL, NULL, 1),
(25, 'Дорофеев', 'Никита', 'Сергеевич', 'Ассистент', 0, 10000, 'nikita2910d@gmail.com', '+7 (708) 655-29-10', 0, 1, 0, NULL, 'G3FXi3P7', 2, 4, 325, '1997-10-29', 1, 1, 1, 0, 'русский,английский', 0, 0, 0, 0, 0, 0, 0, 0, '', 1, 'C7iJEifZ', 17, 1, '2018-11-30 18:16:39', '', '659233754', 1),
(26, 'Захаренко ', 'Алина ', 'Андреевна ', 'РТЗ', 0, NULL, '89099711125a@gmail.com', '+7 (890) 997-11-12', 0, 1, 0, NULL, 'GxizhI2s', 2, 3, 174, '2002-10-03', 1, 2, 1, 0, 'Русский', 0, 0, 0, 0, 0, 0, 0, 0, '', 1, 'DkPnGvu4', 1, 0, '2018-11-30 18:23:16', NULL, NULL, 1),
(27, 'Михайлова', 'Оксана', 'Валеьевна', 'копирайтер, редактор, контент-менеджер, руководитель группы', 0, NULL, 'agatha2006@mail.ru', '+7 (913) 251-73-44', 0, 0, 1, 'В чёрной кофточке с оборками маленький размер.jpg', 'HBqaoupO', 1, 4, 30, '1977-07-04', 1, 2, 2, 0, NULL, 0, 0, 0, 0, 0, 0, 0, 0, 'Мое подробное резюме и портфолио: https://docs.google.com/document/d/140ckWIRXaq5f8L2ZPxZ8RspNPuU8X81xnMHyD33UtSw/edit', 0, 'cB0l7k44', 1, 1, '2018-11-30 19:54:38', 'agatha2006', '675435280', 1),
(28, 'Алакозова', 'Екатерина', 'Георгиевна', 'Любая', 0, 15000, 'Katyaromanova2288@gmail.com', '+7 (977) 677-06-47', 0, 1, 0, 'F39725A9-99E0-481C-B788-4C91AF6D3753.jpeg', 'O3FX0Ecz', 2, 4, 174, '2001-04-02', 1, 2, 1, 0, NULL, 0, 0, 0, 0, 0, 0, 0, 0, '', 1, '9qknLxx8', 1, 0, '2018-11-30 21:12:56', NULL, NULL, 1),
(29, 'Алакозова', 'Екатерина', 'Георгиевна', 'Любая', 0, 15000, 'Katyaromanova2288@gmail.com', '+7 (977) 677-06-47', 0, 1, 0, 'F39725A9-99E0-481C-B788-4C91AF6D3753.jpeg', 'QgHiMHX3', 2, 4, 174, '2001-04-02', 1, 2, 1, 0, NULL, 0, 0, 0, 0, 0, 0, 0, 0, '', 1, 'VnOVpwT5', 1, 0, '2018-11-30 21:12:57', NULL, NULL, 1),
(30, 'Асадов ', 'Жасуржон ', 'Ахтам Угли ', 'Кладовщик приемщик ', 1, 60000, 'jasurjon88@inbox.com', '+7 (968) 447-42-07', 0, 1, 1, NULL, 'na75Mutx', 2, 1, 174, NULL, 2, 1, 1, 0, '', 0, 0, 1, 1, 0, 0, 0, 1, '', 1, 'aNb7xJEC', 2, 0, '2018-12-01 12:30:20', NULL, NULL, 1),
(31, 'Сулейманов', 'Магомед', '', '', 0, 20000, 'suleymanowkrut@gmail.com', '+7 (918) 737-86-90', 0, 0, 1, NULL, 'lipZGYQM', 2, 3, 174, '2001-03-31', 1, 1, 1, 0, '', 0, 0, 0, 0, 0, 0, 0, 0, '', 0, 'G5uypPT7', 1, 1, '2018-12-01 15:09:57', 'amigos75', '607740483', 1),
(32, 'Тахиров', 'Фарходжон', 'Боймуродович', 'Строитель', 0, 75000, 'taxirov1987@mail.ru', '+7 (977) 379-63-88', 1, 1, 0, '1542278416855.jpg', 'NOeLg31s', 2, 1, 174, '1987-08-05', 2, 1, 1, 0, NULL, 0, 1, 1, 1, 0, 0, 0, 0, '', 0, 'NR0RyHe3', 18, 0, '2018-12-02 12:54:50', NULL, NULL, 1),
(33, 'Ковальковская', 'Юлиана', 'Алексеевна', 'Управляющий,администратор,директор', 1, 50000, 'kovalkovskaya1904@gmail.com', '+7 (999) 705-22-01', 0, 1, 0, NULL, 'JB4UR1LQ', 1, 1, 48, '1987-04-19', 1, 2, 2, 1, 'русский,английский,украинский', 0, 0, 0, 0, 0, 0, 0, 1, '', 1, '6OkAHVxo', 1, 0, '2018-12-02 18:19:45', NULL, NULL, 1),
(35, 'Гущин', 'Артём', 'Витальевич', '', 0, 3000, 'Gushhin.94@mail.ru', '+7 (901) 789-59-57', 0, 1, 0, NULL, 'ZoduPXgM', 2, 2, 174, '1999-06-26', 1, 1, 1, 0, 'английский', 0, 0, 0, 0, 0, 0, 0, 0, '', 0, 'X3ugVvzL', 1, 0, '2018-12-02 21:56:23', NULL, NULL, 1),
(36, 'Литвинов', 'Станислав', 'Игоревич', 'Специалист отдела оценки соответствия', 1, 80000, 'coventrybond007@gmail.com', '+7 (916) 543-65-51', 1, 1, 1, NULL, 'rTbj7xht', 1, 1, 174, '1993-04-27', 3, 1, 2, 0, 'Английский', 1, 0, 1, 0, 0, 0, 0, 0, '', 1, 'vmAGCUi4', 1, 0, '2018-12-03 10:16:04', NULL, NULL, 1),
(37, 'Асатрян ', 'Нарине ', 'Каджиковна', 'Оператор ПК', 0, 15000, 'Asatryan.narine@list.ru', '+7 (934) 500-75-00', 1, 1, 0, 'FB_IMG_1541235601013.jpg', 'TwmxNR0T', 2, 4, 326, '1990-08-27', 1, 2, 2, 1, NULL, 0, 0, 0, 0, 0, 0, 0, 1, 'Я в активном поиске работы, и согласна чтобы работодатели связались со мной С предложениями. Мои контактные данные asatryan.narine@list.ru  +37493407590', 0, 'DDhn9M8B', 19, 1, '2018-12-03 10:54:11', 'Narine2019', '711085744', 0),
(38, 'Рюмшина', 'Галина ', 'Владимировна ', 'Работа в интернете  ', 1, 30000, 'vorner888@mail.ru', '+7 (961) 280-18-90', 0, 0, 0, 'фото для резюме.jpg', 'tGlhYwum', 1, 1, 117, '1990-06-28', 2, 2, 1, 0, 'Английский', 0, 0, 1, 0, 0, 0, 0, 0, 'Так же рассматриваю хорошую стабильную работу в Москве с проживанием. желательно с посуточной оплатой. Можно в хорошем ответсвенном книжном издательстве, рассматриваю форматы заключение длительного контракта, пишу книгу, жанр фантастика. сказки в стили формата Уволта Диснея. Или так же очень желательно в компании по созданию мультфильмов. Или перевода и озвучивания Аниме. Хорошо ознакомлена с правильной  манерой речи, этикетом, компетентна, воспитана, ответственна, быстро обучаема, в меру строга, без вредных привычек, отзывчива, миролюбива. ', 1, 'fTG5lcQw', 1, 0, '2018-12-03 13:28:09', NULL, NULL, 1),
(39, 'Кислянский', 'Александр ', 'Владимирович', 'Мадератор', 0, 30000, 'Sanj174rus@yendeks.ru', '+7 (982) 366-16-35', 1, 1, 0, NULL, 'eYdTBcx9', 2, 4, 327, '2000-01-04', 1, 1, 1, 0, 'русский', 0, 0, 0, 0, 0, 0, 0, 1, '', 1, '8U2NhWeK', 1, 0, '2018-12-03 17:34:32', NULL, NULL, 1),
(40, 'Иванова', 'Екатерина', '', 'Менеджер ', 0, 50000, 'Katenok2043@yandex.ru', '+7 (903) 787-77-32', 1, 1, 0, NULL, 'HD4Qp7sS', 2, 4, 229, '1987-10-23', 1, 2, 2, 1, '', 0, 0, 0, 0, 0, 0, 0, 0, '', 1, 'NtCF6GTg', 1, 0, '2018-12-04 00:29:03', NULL, NULL, 1),
(42, 'Краснова', 'Екатерина', 'Дмитриевна', 'менеджер', 0, 20000, '80791kg@rambler.ru', '+7 (986) 737-16-76', 1, 1, 1, NULL, 'WvxOFz4A', 1, 4, 285, '1991-07-08', 1, 2, 1, 1, 'русский', 0, 0, 1, 0, 0, 0, 0, 0, '', 1, 'NvE61ua5', 1, 0, '2018-12-04 22:16:21', NULL, NULL, 1),
(43, 'Митрофанова', 'Мария', 'Вадимовна', 'Работа с соц  сетями', 0, 30000, 'manya121211@gmail.com', '+7 (962) 031-23-50', 0, 0, 0, NULL, 'sOtO9PBm', 1, 4, 210, '1989-03-21', 1, 2, 1, 1, '', 0, 0, 0, 0, 0, 0, 0, 0, '', 1, '8fszVjV3', 1, 0, '2018-12-06 18:35:46', NULL, NULL, 1),
(44, 'Макарова', 'Виктория', 'Андреевна', 'Менеджер по персоналу', 0, 25000, 'makarovava@bk.ru', '+7 (999) 210-28-69', 0, 1, 0, 'gIio8kFPYFU.jpg', '37OW4dPA', 2, 3, 242, '1997-06-23', 1, 2, 1, 0, NULL, 0, 0, 0, 0, 0, 0, 0, 0, '', 1, '3ncIbKag', 1, 0, '2018-12-10 18:19:58', NULL, NULL, 1),
(45, 'Дмитриев', 'Евгений', 'Михайлович', 'Начальник управления по персоналу / Начальник отдела по работе с персоналом / Руководитель направления HR /Заместитель начальника отдела', 0, 110000, 'tch2013@bk.ru', '+7 (904) 039-07-78', 0, 1, 0, NULL, 'WyuYHwAD', 1, 1, 174, '1989-11-26', 2, 1, 1, 0, '', 0, 0, 0, 0, 0, 0, 0, 0, '1.Системный и структурированный подход к решению задач, умение работать в условиях многозадачности; 2. Хорошие коммуникативные и организаторские навыки; 3. Нацеленность на результат в работе; 4. Знание трудового законодательства РФ, мониторинг актуальных изменений в законодательстве, касающихся работы с персоналом; 5. Знание современных методик и техник работы с персоналом; 6. Знание ПК (Word, Excel, Visio, Point), работа в программном комплексе SAP и 1 С 8.2 ЗУП; 7. Стремление к саморазвитию и обучению по направлению "Работа с персоналом / Управление организационными изменениями / HR". Самостоятельное изучение направления "Компенсации и льготы", "Воинский учет"; 8. Ответственный, целеустремленный, честный.', 1, 'Bw95li5Y', 1, 0, '2018-12-10 22:15:36', NULL, NULL, 0),
(46, 'Ефимова', 'Наталья', 'Викторовна', 'уд.работа, кассир, диспетчер', 0, 20000, 'natashe4.k@yandex.ru', '+7 (987) 167-04-57', 1, 1, 0, NULL, 'vZpstDr0', 2, 4, 241, '1986-01-29', 1, 2, 2, 0, 'английсий', 0, 0, 1, 0, 0, 0, 0, 0, 'знание ПК 1.С. SAP ', 1, 'WQtczvx9', 1, 0, '2018-12-17 06:37:44', NULL, NULL, 1),
(47, 'Макарова', 'Татьяна', 'Дмитриевна', 'Контент-менеджер, веб-программист', 0, 35000, 'tanuha_1987@mail.ru', '+7 (707) 555-84-10', 0, 1, 0, 'Без-имени-1.jpg', 'eBOYnImA', 2, 4, 328, '1987-12-27', 1, 2, 2, 1, NULL, 0, 0, 0, 0, 0, 0, 0, 0, 'Ищу удаленную работу с нагрузкой 4 часа в день. Люблю рутинную работу, усидчивая. Также в свободное время изучаю php, mysql. Буду рада получить возможность испробовать свои знания на практике.', 1, 'u7uGUbx7', 17, 1, '2018-12-22 03:35:19', '', '733053201', 0),
(48, 'Шайдуллина', 'Айсылу', 'Ильдусовна', 'Копирайтер, менеджер', 0, 20000, 'ajsylu.1997@yandex.ru', '+7 (939) 386-77-85', 1, 1, 1, NULL, 'ZQWjETJj', 2, 3, 329, '1997-02-16', 1, 2, 1, 0, '', 0, 0, 0, 0, 0, 0, 0, 0, '', 0, 'KJlF2oF0', 1, 0, '2019-01-20 10:26:05', NULL, NULL, 1),
(49, 'Шайдуллина', 'Айсылу', 'Ильдусовна', 'Копирайтер, менеджер', 0, 20000, 'ajsylu.1997@yandex.ru', '+7 (939) 386-77-85', 1, 1, 1, NULL, '2ZzRE9Jm', 2, 3, 329, '1997-02-16', 1, 1, 1, 0, '', 0, 0, 0, 0, 0, 0, 0, 0, '', 1, 'YOldPhk5', 1, 0, '2019-01-21 18:47:13', NULL, NULL, 1),
(50, 'de Freitas', 'Telmo', '', '', 0, NULL, 'Japones19911@outlook.com', '+7 (000) 000-00-00', 0, 0, 0, NULL, 'MJyK6tpB', 1, 1, 1, NULL, 1, 1, 1, 0, '', 0, 0, 0, 0, 0, 0, 0, 0, '', 0, 'RKuOOFSZ', 1, 0, '2019-12-29 22:24:58', NULL, NULL, 1);

-- --------------------------------------------------------

--
-- Структура таблицы `education`
--

CREATE TABLE `education` (
  `id` int(11) NOT NULL,
  `educational_institution` varchar(255) DEFAULT NULL,
  `faculty` varchar(255) DEFAULT NULL,
  `specialty` int(11) DEFAULT NULL,
  `create_id` int(11) DEFAULT NULL,
  `form_study` varchar(255) DEFAULT NULL,
  `year_ending` date DEFAULT NULL
) ENGINE=InnoDB DEFAULT CHARSET=utf8;

--
-- Дамп данных таблицы `education`
--

INSERT INTO `education` (`id`, `educational_institution`, `faculty`, `specialty`, `create_id`, `form_study`, `year_ending`) VALUES
(26, '', '', 1, 9, '', NULL),
(29, '', '', 1, 12, '', NULL),
(30, 'Уч заведение1', 'Факультет 1', 1, 11, '22', '2201-02-22'),
(32, 'Набережночелнинский КФУ', 'Экономический', 1, 14, 'Экономист', '2018-06-23'),
(33, 'ОБПОУ "Курский государственный политехнический колледж"', 'Экономика и бухгалтерский учет', 1, 15, 'Бухгалтер, специалист по налогообложени.', '2018-06-21'),
(34, 'ВИВТ', 'ИВТ', 1, 16, 'IT-специалист', '2022-06-23'),
(35, 'Технологический колледж', '3', 4, 17, 'Гостиничный сервис ', '2019-06-10'),
(36, 'Пгта', 'Интенсивные технологии', 1, 18, 'Пищевые произва', '2012-06-30'),
(38, ' Сибирская региональная школа бизнеса', '', 3, 19, 'право и судебное администрирование', NULL),
(39, '', '', 1, 20, '', NULL),
(40, 'Росич', '', 1, 21, 'Охранник', NULL),
(41, 'Росич', '', 1, 22, 'Охранник', NULL),
(42, 'Самарский государственный экономический университет', 'Бухгалтерский учёт анализ и аудит', 3, 23, 'Экономист', '2012-03-03'),
(43, '', '', 1, 24, '', NULL),
(44, '', '', 1, 25, '', NULL),
(45, '', '', 1, 26, '', NULL),
(46, 'РГК им. Рахманинова', 'фортепиано', 1, 27, 'фортепиано', '2002-09-01'),
(47, '', '', 1, 28, 'Банковское дело', '2020-06-30'),
(48, '', '', 1, 29, 'Банковское дело', '2020-06-30'),
(49, '', '', 1, 30, '', NULL),
(50, '', '', 1, 31, '', NULL),
(51, 'Среднее', '', 1, 32, '', NULL),
(52, 'ВЗФЭИ', 'Финансы и кредит', 1, 33, 'Налоги и налогообложение', '2010-12-01'),
(54, '', '', 1, 35, '', NULL),
(58, 'РГГРУ', 'Экологии и природопользования', 1, 36, 'Экология и природопользование', '2019-06-01'),
(60, 'Педагогический институт ', 'Физика-математике ', 1, 37, 'Педагог информатики ', '2013-05-22'),
(65, 'Модельное агенство, школа "Verona" ', 'Фотопозирование, визаж и стиль, дефеле"  ', 1, 38, 'Модель', '2016-06-06'),
(66, '', '', 1, 39, '', NULL),
(67, 'МАП', 'Менеджмент', 1, 40, 'Менеджер', NULL),
(70, 'УЛГТУ', 'Управление персоналом', 4, 42, 'Управление персоналом', '2020-06-01'),
(71, 'ПУ 69', '', 1, 43, 'Оператор ЭВМ', '2008-06-23'),
(72, 'СПбГЭУ', 'Управления', 1, 44, 'Управление персоналом', '2019-08-31'),
(73, 'ВГГУ', 'Психология', 1, 45, 'Психолог', '2011-07-01'),
(74, 'УДГУ', 'ФПИЯ', 1, 46, 'филолог', '2007-07-19'),
(76, 'КазНТУ им. Сатпаева (бывш. КазПТИ им В. И. Ленина) \'09', 'Институт информационных и телекоммуникационных технологий (АТИ, ИИТ)', 1, 47, 'Автоматизации технологических процессов и производств', '2010-05-31'),
(77, 'ИСГЗ', 'Фин. Менеджмент', 4, 48, 'Менеджер', NULL),
(78, 'ИСГЗ', 'Фин. Менеджмент', 4, 49, 'Менеджер', NULL),
(79, '', '', 1, 50, '', NULL);

-- --------------------------------------------------------

--
-- Структура таблицы `experience`
--

CREATE TABLE `experience` (
  `id` int(11) NOT NULL,
  `organization` varchar(255) DEFAULT NULL,
  `position` varchar(255) DEFAULT NULL,
  `duties_achievements` text,
  `create_id` int(11) DEFAULT NULL,
  `date_with` date DEFAULT NULL,
  `date_by` date DEFAULT NULL
) ENGINE=InnoDB DEFAULT CHARSET=utf8;

--
-- Дамп данных таблицы `experience`
--

INSERT INTO `experience` (`id`, `organization`, `position`, `duties_achievements`, `create_id`, `date_with`, `date_by`) VALUES
(34, 'Глория Джинс', 'Кассир', '', 17, '2016-02-05', '2018-08-11'),
(35, '', '', 'Дом55 Кв1', 21, NULL, NULL),
(36, '', '', 'Дом55 Кв1', 22, NULL, NULL),
(37, 'Дом.ру', 'Администратор активного оборудования', '', 23, '2014-06-01', '2016-11-30'),
(38, 'jlandia', 'Ассистент', '', 24, '2018-04-01', '2018-10-31'),
(39, 'Ростовский колледж искусств', 'концертмейстер', '', 27, '2002-09-01', '2012-12-01'),
(40, 'ООО ЮНПЦ "Авиаэкспертиза"', 'помощник руководителя центра по сертификации гражданских воздушных судов', '', 27, '2007-08-01', '2012-12-01'),
(41, '', '', '22', 33, NULL, NULL),
(49, 'Газпром добыча краснодар ', 'Техник', '', 36, '2015-06-01', '2015-07-24'),
(50, 'Wintershall Russland GmbH', 'Помощник руководителя отдела ООС', '', 36, '2016-03-01', '2016-06-09'),
(51, 'ООО безопасность в промышленности', 'Специалист отдела оценки соотаетсвия', '', 36, '2017-10-01', NULL),
(52, 'Rentapple', 'Помощник руководителя', '', 36, '2016-06-20', '2017-09-15'),
(53, 'Школа ', 'Педагог ', '', 37, '2015-10-19', NULL),
(58, 'Гостиница  Рэдиссон г. Москва', 'администратор ', 'Контроль за порядком, найм персонала на работу. урегулирование конфликтных ситуаций. контроль финансовой отчетности   ', 38, '2016-06-14', '2018-08-20'),
(59, 'Банки', 'Менеджер', 'Обслуживпние клиентов , операционный функционал', 40, '2012-09-16', NULL),
(63, 'гидродинамика', 'оператор колл-центра', 'Консультирование и оформление заявок, составление нарядов и отчётов, обзвон клиентов для информирования, уточнения информации, продажи доп услуг и оборудования, работы с управляющими компаниями, разрешение конфликтных ситуаций', 42, '2014-07-01', '2018-03-01'),
(64, 'федеральная кадастровая палата', 'инженер', 'Работа за компьютером в определенной программе. Осуществление ввода данных с бумажных и электронных носителей, формирование данных в электронном виде, ведение установленных форм отчетностей, осуществление верификации данных, обработка запросов. Сканирование документов.', 42, '2018-03-01', '2018-11-12'),
(65, 'ПАО СБЕРБАНК', 'Консультант', 'Консультирование клиентов и продажи банковских продуктов.', 43, '2016-09-01', '2017-09-01'),
(66, 'Skyeng', 'Менеджер по персоналу', 'Поиск персонала, проведение первичного интервью,ведение кандидата до трудоустройства', 44, '2018-08-16', '2018-12-10'),
(67, 'Грядка', 'Маркетолог', 'Мониторинг цен конкурентов, ведение отчетности', 44, '2017-09-14', '2018-08-01'),
(68, 'Крупная энергосбытовая компания', 'Руководитель направления отдела по работе с персоналом', 'Участие в разработке и реализации кадровой стратегии развития Компании: 1. Организация подбора персонала по управлению и филиалам - руководящий состав, специалисты и инженерно-технический персонал (ежемесячно в работе 20-30 вакансий, найм в среднем 20-25 высококвалифицированных специалистов); 2. Подготовка локальных нормативных актов по HR - направлению: должностных инструкции, положений о структурных подразделениях, регламентов, методик, а также описание HR-бизнес-процессов; 3. Руководство менеджерами по персоналу в филиалах (2 сотрудника): постановка целей и задач, проверка ежемесячной отчетности, контроль текущих задач (КДП, подбор), участие в плановых выездных проверках филиалов; 4. Подготовка еженедельной и ежемесячной отчетности, аналитика количественных и качественных показателей: движение персонала, численность, трудовая дисциплина, штатные замещения, аналитика причин увольнения; 5. Обучение персонала: составление и утверждение плана обучения персонала и бюджета обучения на год, поиск обучающих организаций и актуальных семинаров, руководство внутренним и внешним обучением. Управление внутренним обучающим порталом; 6. Реализация политики кадровой безопасности; 7. Социально-психологические исследования и внутренние коммуникации (анкетирование / тестирование / изучение удовлетворенности персонала условиями труда, социальными гарантиями, исследования вовлеченности); 8. Работа с ДМС: ведение договора со страховой компанией, регулярная сверка и актуализация данных по различным программам страхования; 9. Воинский учет; 10. Адаптация персонала: проведение вводных мероприятий для новых сотрудников, ознакомление со структурой Компании и "Гидом новичка", контроль успешности прохождения испытательного срока; 11. Взаимодействие с профильными ВУЗами (Ивановский энергетический университет, РАНХиГС); 12. Участие во всех HR-проектах Компании (организация корпоративных мероприятий, автоматизация процессов и др.).  Достижения: 1. Обеспечил структурные подразделения квалифицированным персоналом, подобрал и ввел в должность руководителей (исполнительные директора филиалов, руководители департаментов, управлений), а также инженерно-технический персонал, в том числе "редких" специалистов (специалисты по МСФО / IFRS, специалисты по оптовым рынкам электроэнергии) как результат - значительное снижение текучести кадров и ее удержание в рамках 6-8 % за календарный год; 2. Успешное ведение увеличенного объема работы в период реорганизации юридических лиц: массовые увольнения/приемы в 2017 г. - 500/450 чел., в 2018 гг. - 450/450 чел. - подготовка трудовых договоров, приказов, доп.соглашений; 3. Разработал проект "Гид новичка" - сборник материалов о Компании, облегчающих процесс адаптации для новых сотрудников. 4. Описал и оцифровал основные HR-бизнес-процессы: "Подбор", "Увольнение", "Перевод", "Наложение дисциплинарных взысканий", "Работа в выходной день", "Обучение вне организации"; 5. Ежегодно составлял сметы затрат по найму, обучению и оценке персонала, контролировал исполнение бюджета; 6. Ежегодно проводил масштабные качественные исследования рынка труда применительно к должностям и заработным платам Компании (более 80 профессий), на основе которых была успешно разработана и внедрена новая система оплаты труда в 2014 и 2015 гг.; 7. Создание и ведение обширной базы соискателей в электронном виде (E-Staff, Excel) по должностям.', 45, '2013-07-01', '2018-12-10'),
(69, 'ГК "Технология чистоты" (эксплуатация зданий и сооружений / клининг / специализированные розничные магазины)', 'Менеджер по персоналу', '1. Подбор персонала на массовые и ключевые позиции, успешное взаимодействие с ЦЗН и СМИ; 2. Планирование и организация внутреннего обучения персонала, проведение аттестаций; 3. Ведение отчетности по вакансиям (еженедельно / ежемесячно); 4. Социально-психологические исследования удовлетворенности трудом по различным категориям персонала; 5. Разработка нематериальной мотивации по рабочим должностям; Достижения: Создание обширного кадрового резерва по рабочим профессиям и поддержание долгосрочных отношений с соискателями , как результат - успешная срочная замена персонала на объектах Компании в случае невыхода основного сотрудника, успешное открытие новых объектов и полное укомплектование кадрами.', 45, '2012-01-10', '2013-06-29'),
(70, 'Ооо м.видео Менеджмент', 'ст.кассир', '', 46, '2010-09-24', '2016-04-13'),
(73, 'TOO Meloman Home Video', 'контент-менеджер, фотограф', 'Наполнение сайта контентом (описанием товаров), работа с Excell. Аналитика качества контента, работа с менеджерами, поставщиками. Знание html. Работа с админками Magenta, SunSite, Incom. Фотографирование товаров в студии, работа с Photoshop и Lightroom.', 47, '2010-03-01', NULL),
(74, 'Работа на себя - создание сайтов', 'Веб-программист', 'Написание сайтов с использованием html, css, javascript. Продвижение в поисковиках google, yandex, работа с Google Analytics. Созданные сайты: Услуги электрика - susami.kz (2015), Ландшафтного дизайна - landworldtm.kz (2015), Фото-студии - мастернастроения.рф (2016), Электромонтажные работы - est-kontakt.kz (2017-действующий). На данный момент изучаю php, MySql.', 47, '2015-01-01', NULL),
(75, 'Avon', 'Координатор', '', 48, '2017-08-01', NULL),
(76, 'Avon', 'Координатор', 'привлечение клиентов,их обучение и т.п.', 49, '2017-08-01', '2017-09-01'),
(77, 'Cristais de Gramado Ltda.', '', '', 50, NULL, NULL);

-- --------------------------------------------------------

--
-- Структура таблицы `languages`
--

CREATE TABLE `languages` (
  `id` int(11) NOT NULL,
  `name` varchar(255) DEFAULT NULL
) ENGINE=InnoDB DEFAULT CHARSET=utf8;

-- --------------------------------------------------------

--
-- Структура таблицы `migration`
--

CREATE TABLE `migration` (
  `version` varchar(180) NOT NULL,
  `apply_time` int(11) DEFAULT NULL
) ENGINE=InnoDB DEFAULT CHARSET=utf8;

--
-- Дамп данных таблицы `migration`
--

INSERT INTO `migration` (`version`, `apply_time`) VALUES
('m000000_000000_base', 1542957683),
('m180707_053230_create_users_table', 1542957686),
('m181111_055921_add_foto_column_to_users_table', 1542957686),
('m181113_073923_create_create_resume_table', 1542957686),
('m181113_074023_create_city_table', 1542957687),
('m181113_074525_create_experience_table', 1542957687),
('m181113_075133_create_education_table', 1542957687),
('m181113_075359_add_foreign_keys', 1542957688),
('m181113_092949_create_settings_table', 1542957688),
('m181117_170725_create_languages_table', 1542957688),
('m181119_093822_add_default_value', 1542957688),
('m181120_110732_add_city_value', 1542957694),
('m181121_091907_add_link_column_to_create_resume_table', 1542957694),
('m181121_110653_add_settings_value', 1542957694),
('m181122_160459_create_alerts_table', 1542957694),
('m181123_132620_drop_citizenship_column_from_create_resume_table', 1542985112),
('m181124_050951_add_connect_telegram_column_to_create_resume_table', 1543045762),
('m181124_123304_add_telegram_name_column_to_create_resume_table', 1543063735),
('m181124_125124_create_chat_table', 1543065851),
('m181124_140535_drop_citizen_column_from_alerts_table', 1543072081),
('m181124_155756_add_is_new_column_to_create_resume_table', 1543076231);

-- --------------------------------------------------------

--
-- Структура таблицы `settings`
--

CREATE TABLE `settings` (
  `id` int(11) NOT NULL,
  `name` varchar(255) DEFAULT NULL,
  `key` varchar(255) DEFAULT NULL,
  `value` text
) ENGINE=InnoDB DEFAULT CHARSET=utf8;

--
-- Дамп данных таблицы `settings`
--

INSERT INTO `settings` (`id`, `name`, `key`, `value`) VALUES
(1, 'Уведомления о новом заполнение (галочка)', 'notifications_new_filling', ''),
(2, 'Уведомления о Переходе', 'transition_notifications', ''),
(3, 'Поле для ввод телеграмм ключа', 'key_entry_field', '705864806:AAHqMR2H4F6UlXDvcxeS02cmL1OsFQGFNPY'),
(4, 'Поле для редактирования текста который показываеть для преглошения в телеграмм', 'telegram_editing', ''),
(5, 'Поле для прокси', 'proxy_field', '45.32.155.5:33817'),
(6, 'html текст политики конфендециальности', 'html_text_privacy_policy', '<div>\n    <p>\n        <b>Политика в отношении обработки персональных данных (Политика конфиденциальности).</b>\n    </p>\n    <p>\n        Настоящей Политикой в отношении обработки персональных данных (далее — Политика) определяется защита и порядок\n        обработки персональных данных Пользователя сайта Rezume.me (далее - Администрация), которые сайт Rezume.me может\n        получить во время использования Пользователем любого из сервисов сайта Rezume.me (далее — Сервисы Rezume.me).\n    </p>\n    <p>\n        Пользователем признается физическое лицо, использующее Сервисы Rezume.me.\n    </p>\n    <p>&nbsp;</p>\n    <p>\n        <b>1. Общие положения.</b>\n    </p>\n    <p>\n        1.1. Администрация производит обработку персональных данных Пользователей в соответствии с Федеральным законом\n        от 27.07.2006 г. № 152-ФЗ «О персональных данных».\n    </p>\n    <p>\n        1.2. Обработка персональных данных Пользователей производится Администрацией ИСКЛЮЧИТЕЛЬНО в целях выполнения\n        обязательств Администрации перед Пользователями в рамках заключенных договоров.\n    </p>\n    <p>\n        1.3. Поскольку Сайт является универсальным средством поиска и предложения работы, данные, опубликованные\n        Пользователями в на Сайте, являются доступными неограниченному кругу лиц. Администрация не несет ответственности\n        за сохранение их конфиденциальности и\\или использование третьими лицами.\n    </p>\n    <p>\n        1.4. Пользователь Сайта уполномочивает Администрацию на предоставление персональных данных, содержащихся в\n        размещаемых в форме резюме на Сайте и/или во вложенном Пользователем файле, любому третьему лицу на основании\n        заключаемого с Пользователем соответствующего договора.\n    </p>\n    <p>\n        Срок размещения персональных данных в форме резюме неограничен и определяется самостоятельно Пользователем.\n    </p>\n    <p>\n        1.5. Для достижения указанных в пункте 1.2. целей Администрация производит обработку следующих данных\n        Пользователей:\n    </p>\n    <ul>\n        <li>\n            <p>\n                информация, которая автоматически передается Сервисам Rezume.me в процессе их использования с помощью\n                программного обеспечения, установленного на устройстве Пользователя, в т. ч. индивидуальный сетевой\n                номер\n                устройства (MAC-адрес, ID устройства), IP-адрес, данные из cookies, электронный серийный номер (IMEI,\n                MEID),\n                рекламный идентификатор Android (Google AID), сведения о местоположении и перемещении устройства\n                Пользователя, информация о браузере, операционной системе, времени доступа, поисковых запросах;\n            </p>\n        </li>\n        <li>\n            информация, которая самостоятельно размещается Пользователем в процессе использования Сервисов Rezume.me. К\n            информации, полученной таким образом, в частности могут относиться: имя, фамилия, номер телефона и/или адрес\n            электронной почты Пользователя. Информация, обязательная для предоставления Сервисам Rezume.me или их\n            отдельных функциональных возможностей, помечена специальным образом. Иная информация предоставляется\n            Пользователем по его усмотрению.\n        </li>\n    </ul>\n    <p>\n        Совокупность указанных выше данных представляет собой персональные данные Пользователя.\n    </p>\n    <p>\n        1.6. Достоверность персональных данных, предоставленных Пользователем, Администрацией не проверяется.\n    </p>\n    <p>\n        1.7. В соответствии с пунктами 5 и 10 части 1 статьи 6 Федерального закона от 27 июля 2006 года №152-ФЗ «О\n        персональных данных» получение Администрацией согласия Пользователя на обработку его персональных данных не\n        требуется.\n    </p>\n\n    <p>\n        <b>2. Обработка персональных данных о Пользователях</b>\n    </p>\n    <p>\n        2.1. Обработка персональных данных Пользователей Сайта Администрацией включает в себя сбор, запись,\n        систематизацию, накопление, хранение, уточнение (обновление, изменение), извлечение, использование, передачу\n        (распространение, предоставление, доступ), обезличивание, блокирование, удаление, уничтожение персональных\n        данных.\n    </p>\n    <p>\n        2.2. Персональная информация о Пользователях хранится соответственно действующему законодательству.\n    </p>\n\n    <p>\n        <b>3. Пользователи имеют право:</b>\n    </p>\n    <ul>\n        <li>\n            <p>\n                Требовать от Администрации уточнения их персональных данных, их блокирования или уничтожения в случае,\n                если\n                персональные данные являются неполными\n            </p>\n        </li>\n        <li>\n            <p>\n                По запросу получать от Администрации информацию, которая касается обработки их персональных данных.\n            </p>\n            <p>\n                В соответствии с Федеральным законом от 27.07.2006 г. № 152-ФЗ «О персональных данных» запрос должен\n                содержать\n                номер основного документа, удостоверяющего личность Пользователя или его представителя, сведения о дате\n                выдачи\n                указанного документа и выдавшем его органе, сведения, подтверждающие участие Пользователя в отношениях с\n                Администрацией (номер договора, дата заключения договора, условное словесное обозначение и (или) иные\n                сведения),\n                либо сведения, иным образом подтверждающие факт обработки персональных данных Администрацией, подпись\n                Пользователя или его представителя.\n            </p>\n        </li>\n        <li>\n            <p>\n                Удалять информацию о себе, представленную в рамках Личного кабинета на Сайте. При этом следует\n                учитывать,\n                что удаление профиля может повлечь невозможность использования некоторых Сервисов Rezume.me.\n            </p>\n        </li>\n        <li>\n            Самостоятельно вносить дополнения и изменения в персональную информацию, расположенную в Личном кабинете на\n            Сайте Администрации.\n        </li>\n    </ul>\n\n    <p>\n        <b>4. Меры по защите информации о Пользователях.</b>\n    </p>\n    <p>\n        4.1. Администрацией принимаются все необходимые организационные и технические меры для защиты персональной\n        информации о Пользователях от неправомерного или случайного доступа к ним, блокирования, уничтожения, изменения,\n        распространения персональной информации, а также от иных неправомерных действий с ней. К этим мерам относятся, в\n        том числе, внутренняя проверка процессов сбора, хранения и обработки данных и мер безопасности, включая\n        соответствующее шифрование и меры по обеспечению физической безопасности данных для предотвращения\n        неавторизированного доступа к системам, хранящим персональную информацию.\n    </p>\n    <p>\n        4.2. Администрация обеспечивает запись, систематизацию, накопление, хранение, уточнение (обновление, изменение),\n        извлечение персональных данных граждан Российской Федерации с использованием баз данных, находящихся на\n        территории Российской Федерации.\n    </p>\n    <p>\n        4.3. Администрация руководствуется Федеральным законом «О персональных данных» от 27.07.2006 г. № 152-ФЗ при\n        обработке персональных данных Пользователей.\n    </p>\n\n    <p>\n        <b>5. Заключительные положения.</b>\n    </p>\n    <p>\n        5.1. Настоящая Политика, отношения между Администрацией и Пользователем, которые возникают в связи с применением\n        настоящей Политики, а также вопросы, не решаемые настоящей Политикой, регулируются действующим законодательством\n        Российской Федерации.\n    </p>\n    <p>\n        5.2. Политика, а также любая из ее частей, может быть изменена Администрацией без специального уведомления и\n        выплаты какой-либо компенсации в связи с этим. Новая редакция Политики начинает действовать с момента ее\n        размещения на сайте Администрации, расположенном в домене по адресу Rezume.me, если иной вариант не предусмотрен\n        новой редакцией Политики.\n    </p>\n    <p>\n        5.3. Пользователи могут направлять Администрации запросы, предложения или вопросы, которые касаются настоящей\n        Политики, в Службу поддержки пользователей по адресу: resume.me@mail.ru.\n    </p>\n</div>'),
(7, 'Текст после заполнения анкеты', 'text_after_filling', '<p>Для того чтобы&nbsp; получать предложения! Обезательно вступите в телеграмме в бота @teo_job_bot и введите код &quot;{unique_code_for_telegram}&quot;</p>\r\n');

-- --------------------------------------------------------

--
-- Структура таблицы `users`
--

CREATE TABLE `users` (
  `id` int(11) NOT NULL,
  `fio` varchar(255) DEFAULT NULL,
  `login` varchar(255) DEFAULT NULL,
  `password` varchar(255) DEFAULT NULL,
  `telephone` varchar(255) DEFAULT NULL,
  `telegram_id` varchar(255) DEFAULT NULL,
  `foto` varchar(255) DEFAULT NULL COMMENT 'Фото',
  `agree` tinyint(1) DEFAULT NULL COMMENT 'Я согласен с обработкой персональных данных'
) ENGINE=InnoDB DEFAULT CHARSET=utf8;

--
-- Дамп данных таблицы `users`
--

INSERT INTO `users` (`id`, `fio`, `login`, `password`, `telephone`, `telegram_id`, `foto`, `agree`) VALUES
(1, 'Ковальский Артем', 'artem.kovalskiy.93@mail.ru', '$2y$13$PUUzBw1B7vG2EOPZk9kaq.EO04VPHGK3JTdooZC88r6NzCDTWsbdC', '', '247187885', '1.jpeg', NULL),
(2, 'yastrebilov@yandex.ru', 'yastrebilov@yandex.ru', '$2y$13$uU5l3e6aTabK/bSWVTRs0OySRiphR7Ckq3lU0njE2PebZxRAtC6aa', NULL, '', NULL, NULL);

--
-- Индексы сохранённых таблиц
--

--
-- Индексы таблицы `alerts`
--
ALTER TABLE `alerts`
  ADD PRIMARY KEY (`id`),
  ADD KEY `idx-alerts-citizen` (`citizen`);

--
-- Индексы таблицы `chat`
--
ALTER TABLE `chat`
  ADD PRIMARY KEY (`id`),
  ADD KEY `idx-chat-user_id` (`user_id`);

--
-- Индексы таблицы `citizen`
--
ALTER TABLE `citizen`
  ADD PRIMARY KEY (`id`);

--
-- Индексы таблицы `city`
--
ALTER TABLE `city`
  ADD PRIMARY KEY (`id`);

--
-- Индексы таблицы `create_resume`
--
ALTER TABLE `create_resume`
  ADD PRIMARY KEY (`id`),
  ADD KEY `idx-create_resume-city_id` (`city_id`),
  ADD KEY `idx-create_resume-citizenship` (`citizenship`);

--
-- Индексы таблицы `education`
--
ALTER TABLE `education`
  ADD PRIMARY KEY (`id`),
  ADD KEY `idx-education-create_id` (`create_id`);

--
-- Индексы таблицы `experience`
--
ALTER TABLE `experience`
  ADD PRIMARY KEY (`id`),
  ADD KEY `idx-experience-create_id` (`create_id`);

--
-- Индексы таблицы `languages`
--
ALTER TABLE `languages`
  ADD PRIMARY KEY (`id`);

--
-- Индексы таблицы `migration`
--
ALTER TABLE `migration`
  ADD PRIMARY KEY (`version`);

--
-- Индексы таблицы `settings`
--
ALTER TABLE `settings`
  ADD PRIMARY KEY (`id`);

--
-- Индексы таблицы `users`
--
ALTER TABLE `users`
  ADD PRIMARY KEY (`id`);

--
-- AUTO_INCREMENT для сохранённых таблиц
--

--
-- AUTO_INCREMENT для таблицы `alerts`
--
ALTER TABLE `alerts`
  MODIFY `id` int(11) NOT NULL AUTO_INCREMENT, AUTO_INCREMENT=4;
--
-- AUTO_INCREMENT для таблицы `chat`
--
ALTER TABLE `chat`
  MODIFY `id` int(11) NOT NULL AUTO_INCREMENT, AUTO_INCREMENT=31;
--
-- AUTO_INCREMENT для таблицы `citizen`
--
ALTER TABLE `citizen`
  MODIFY `id` int(11) NOT NULL AUTO_INCREMENT, AUTO_INCREMENT=20;
--
-- AUTO_INCREMENT для таблицы `city`
--
ALTER TABLE `city`
  MODIFY `id` int(11) NOT NULL AUTO_INCREMENT, AUTO_INCREMENT=330;
--
-- AUTO_INCREMENT для таблицы `create_resume`
--
ALTER TABLE `create_resume`
  MODIFY `id` int(11) NOT NULL AUTO_INCREMENT, AUTO_INCREMENT=51;
--
-- AUTO_INCREMENT для таблицы `education`
--
ALTER TABLE `education`
  MODIFY `id` int(11) NOT NULL AUTO_INCREMENT, AUTO_INCREMENT=80;
--
-- AUTO_INCREMENT для таблицы `experience`
--
ALTER TABLE `experience`
  MODIFY `id` int(11) NOT NULL AUTO_INCREMENT, AUTO_INCREMENT=78;
--
-- AUTO_INCREMENT для таблицы `languages`
--
ALTER TABLE `languages`
  MODIFY `id` int(11) NOT NULL AUTO_INCREMENT;
--
-- AUTO_INCREMENT для таблицы `settings`
--
ALTER TABLE `settings`
  MODIFY `id` int(11) NOT NULL AUTO_INCREMENT, AUTO_INCREMENT=8;
--
-- AUTO_INCREMENT для таблицы `users`
--
ALTER TABLE `users`
  MODIFY `id` int(11) NOT NULL AUTO_INCREMENT, AUTO_INCREMENT=3;
--
-- Ограничения внешнего ключа сохраненных таблиц
--

--
-- Ограничения внешнего ключа таблицы `alerts`
--
ALTER TABLE `alerts`
  ADD CONSTRAINT `fk-alerts-citizen` FOREIGN KEY (`citizen`) REFERENCES `citizen` (`id`);

--
-- Ограничения внешнего ключа таблицы `chat`
--
ALTER TABLE `chat`
  ADD CONSTRAINT `fk-chat-user_id` FOREIGN KEY (`user_id`) REFERENCES `users` (`id`);

--
-- Ограничения внешнего ключа таблицы `create_resume`
--
ALTER TABLE `create_resume`
  ADD CONSTRAINT `fk-create_resume-citizenship` FOREIGN KEY (`citizenship`) REFERENCES `citizen` (`id`),
  ADD CONSTRAINT `fk-create_resume-city_id` FOREIGN KEY (`city_id`) REFERENCES `city` (`id`);

--
-- Ограничения внешнего ключа таблицы `education`
--
ALTER TABLE `education`
  ADD CONSTRAINT `fk-education-create_id` FOREIGN KEY (`create_id`) REFERENCES `create_resume` (`id`);

--
-- Ограничения внешнего ключа таблицы `experience`
--
ALTER TABLE `experience`
  ADD CONSTRAINT `fk-experience-create_id` FOREIGN KEY (`create_id`) REFERENCES `create_resume` (`id`);

/*!40101 SET CHARACTER_SET_CLIENT=@OLD_CHARACTER_SET_CLIENT */;
/*!40101 SET CHARACTER_SET_RESULTS=@OLD_CHARACTER_SET_RESULTS */;
/*!40101 SET COLLATION_CONNECTION=@OLD_COLLATION_CONNECTION */;
